{"entities":{"pages":{"우테코-7기-프리코스-문서-관리":{"id":"우테코-7기-프리코스-문서-관리","title":"우테코 7기 프리코스 문서 관리","url":"우테코-7기-프리코스-문서-관리.html","level":0,"pages":["문서-관리-규칙"],"tabIndex":0},"문서-관리-규칙":{"id":"문서-관리-규칙","title":"문서 관리 규칙","url":"문서-관리-규칙.html","level":1,"parentId":"우테코-7기-프리코스-문서-관리","tabIndex":0},"1주차-문자열-덧셈-계산기":{"id":"1주차-문자열-덧셈-계산기","title":"1주차_문자열 덧셈 계산기","url":"1주차-문자열-덧셈-계산기.html","level":0,"pages":["1주차-SD-문자열-덧셈-계산기","1주차-LD-문자열-덧셈-계산기","1주차-RS-문자열-뎃셈-계산기"],"tabIndex":1},"1주차-SD-문자열-덧셈-계산기":{"id":"1주차-SD-문자열-덧셈-계산기","title":"1주차_SD_문자열 덧셈 계산기","url":"1주차-sd-문자열-덧셈-계산기.html","level":1,"parentId":"1주차-문자열-덧셈-계산기","tabIndex":0},"1주차-LD-문자열-덧셈-계산기":{"id":"1주차-LD-문자열-덧셈-계산기","title":"1주차_LD_문자열 덧셈 계산기","url":"1주차-ld-문자열-덧셈-계산기.html","level":1,"parentId":"1주차-문자열-덧셈-계산기","tabIndex":1},"1주차-RS-문자열-뎃셈-계산기":{"id":"1주차-RS-문자열-뎃셈-계산기","title":"1주차_RS_문자열 뎃셈 계산기","url":"1주차-rs-문자열-뎃셈-계산기.html","level":1,"parentId":"1주차-문자열-덧셈-계산기","tabIndex":2},"SN-학습-노트정리":{"id":"SN-학습-노트정리","title":"SN_학습_노트정리","url":"sn-학습-노트정리.html","level":0,"tabIndex":2}}},"topLevelIds":["우테코-7기-프리코스-문서-관리","1주차-문자열-덧셈-계산기","SN-학습-노트정리"]}