{"entities":{"pages":{"또찌의-프리코스-도서관":{"id":"또찌의-프리코스-도서관","title":"또찌의 프리코스 도서관","url":"또찌의-프리코스-도서관.html","level":0,"pages":["문서-관리-규칙"],"tabIndex":0},"문서-관리-규칙":{"id":"문서-관리-규칙","title":"문서 관리 규칙","url":"문서-관리-규칙.html","level":1,"parentId":"또찌의-프리코스-도서관","tabIndex":0},"1주차-문자열-덧셈-계산기":{"id":"1주차-문자열-덧셈-계산기","title":"1주차 미션 문자열 덧셈 계산기","url":"1주차-문자열-덧셈-계산기.html","level":0,"pages":["1주차-미션-요약","1주차-요구사항-분석","1주차-주간-학습-정리"],"tabIndex":1},"1주차-미션-요약":{"id":"1주차-미션-요약","title":"미션 요약","url":"1주차-미션-요약.html","level":1,"parentId":"1주차-문자열-덧셈-계산기","tabIndex":0},"1주차-요구사항-분석":{"id":"1주차-요구사항-분석","title":"미션 요구사항 분석","url":"1주차-요구사항-분석.html","level":1,"parentId":"1주차-문자열-덧셈-계산기","tabIndex":1},"1주차-주간-학습-정리":{"id":"1주차-주간-학습-정리","title":"주간 학습 정리","url":"1주차-주간-학습-정리.html","level":1,"parentId":"1주차-문자열-덧셈-계산기","tabIndex":2},"학습-노트-보관소":{"id":"학습-노트-보관소","title":"학습 노트 보관소","url":"학습-노트-보관소.html","level":0,"pages":["우테코-라이브러리-뜯어보기","Java","Git-VCS-Github","TDD와-테스트","WriterSide로-개발-문서-배포하기"],"tabIndex":2},"우테코-라이브러리-뜯어보기":{"id":"우테코-라이브러리-뜯어보기","title":"우테코 라이브러리 뜯어보기","url":"우테코-라이브러리-뜯어보기.html","level":1,"parentId":"학습-노트-보관소","pages":["missonutils-Console"],"tabIndex":0},"missonutils-Console":{"id":"missonutils-Console","title":"싱글턴과 함께 보는 우테코의 Console","url":"missonutils-console.html","level":2,"parentId":"우테코-라이브러리-뜯어보기","tabIndex":0},"Java":{"id":"Java","title":"Java","url":"java.html","level":1,"parentId":"학습-노트-보관소","pages":["JDK21-업데이트","Java-예외-처리","Java-String-클래스와-메서드"],"tabIndex":1},"JDK21-업데이트":{"id":"JDK21-업데이트","title":"JDK 21 업데이트","url":"jdk21-업데이트.html","level":2,"parentId":"Java","tabIndex":0},"Java-예외-처리":{"id":"Java-예외-처리","title":"Java 예외 처리","url":"java-예외-처리.html","level":2,"parentId":"Java","tabIndex":1},"Java-String-클래스와-메서드":{"id":"Java-String-클래스와-메서드","title":"Java String 클래스와 메서드","url":"java-string-클래스와-메서드.html","level":2,"parentId":"Java","tabIndex":2},"Git-VCS-Github":{"id":"Git-VCS-Github","title":"Git, VCS, Github","url":"git-vcs-github.html","level":1,"parentId":"학습-노트-보관소","tabIndex":2},"TDD와-테스트":{"id":"TDD와-테스트","title":"TDD와 테스트","url":"tdd와-테스트.html","level":1,"parentId":"학습-노트-보관소","pages":["TDD와-객체-지향-설계","Junit5와-Assertions"],"tabIndex":3},"TDD와-객체-지향-설계":{"id":"TDD와-객체-지향-설계","title":"TDD는 객체 지향 설계 방법","url":"tdd와-객체-지향-설계.html","level":2,"parentId":"TDD와-테스트","tabIndex":0},"Junit5와-Assertions":{"id":"Junit5와-Assertions","title":"Junit5와 Assertions","url":"junit5와-assertions.html","level":2,"parentId":"TDD와-테스트","tabIndex":1},"WriterSide로-개발-문서-배포하기":{"id":"WriterSide로-개발-문서-배포하기","title":"WriterSide로 개발 문서 배포하기","url":"writerside로-개발-문서-배포하기.html","level":1,"parentId":"학습-노트-보관소","pages":["1-WriterSide-구성","2-WriterSide-마크업","WiterSide-배포하기"],"tabIndex":4},"1-WriterSide-구성":{"id":"1-WriterSide-구성","title":"WriterSide 구성","url":"1-writerside-구성.html","level":2,"parentId":"WriterSide로-개발-문서-배포하기","tabIndex":0},"2-WriterSide-마크업":{"id":"2-WriterSide-마크업","title":"WriterSide 마크업, MD 중심으로","url":"2-writerside-마크업.html","level":2,"parentId":"WriterSide로-개발-문서-배포하기","tabIndex":1},"WiterSide-배포하기":{"id":"WiterSide-배포하기","title":"WiterSide 배포하기","url":"witerside-배포하기.html","level":2,"parentId":"WriterSide로-개발-문서-배포하기","tabIndex":2}}},"topLevelIds":["또찌의-프리코스-도서관","1주차-문자열-덧셈-계산기","학습-노트-보관소"]}