{"entities":{"pages":{"우테코-7기-프리코스-문서-관리":{"id":"우테코-7기-프리코스-문서-관리","title":"또찌의 우테코 7기 프리코스 문서 보관함","url":"우테코-7기-프리코스-문서-관리.html","level":0,"pages":["문서-관리-규칙"],"tabIndex":0},"문서-관리-규칙":{"id":"문서-관리-규칙","title":"문서 관리 규칙","url":"문서-관리-규칙.html","level":1,"parentId":"우테코-7기-프리코스-문서-관리","tabIndex":0},"1주차-문자열-덧셈-계산기":{"id":"1주차-문자열-덧셈-계산기","title":"1주차_문자열 덧셈 계산기","url":"1주차-문자열-덧셈-계산기.html","level":0,"pages":["1주차-SD-문자열-덧셈-계산기","1주차-LD-문자열-덧셈-계산기","1주차-RS-문자열-뎃셈-계산기"],"tabIndex":1},"1주차-SD-문자열-덧셈-계산기":{"id":"1주차-SD-문자열-덧셈-계산기","title":"1주차_SD_문자열 덧셈 계산기","url":"1주차-sd-문자열-덧셈-계산기.html","level":1,"parentId":"1주차-문자열-덧셈-계산기","tabIndex":0},"1주차-LD-문자열-덧셈-계산기":{"id":"1주차-LD-문자열-덧셈-계산기","title":"1주차_LD_문자열 덧셈 계산기","url":"1주차-ld-문자열-덧셈-계산기.html","level":1,"parentId":"1주차-문자열-덧셈-계산기","tabIndex":1},"1주차-RS-문자열-뎃셈-계산기":{"id":"1주차-RS-문자열-뎃셈-계산기","title":"1주차_RS_문자열 뎃셈 계산기","url":"1주차-rs-문자열-뎃셈-계산기.html","level":1,"parentId":"1주차-문자열-덧셈-계산기","tabIndex":2},"SN-학습-노트정리":{"id":"SN-학습-노트정리","title":"학습 노트","url":"sn-학습-노트정리.html","level":0,"pages":["01-WriterSide로-개발-문서-배포하기","02-Git-VCS-Github","03-TDD는-객체-지향-설계-방법","04-미션에-도움되는-Java-String-클래스와-메서드","05-Java-예외-처리","06-유스케이스와-도메인","07-Mermaid를-이용한-다이어그램-그리기"],"tabIndex":2},"01-WriterSide로-개발-문서-배포하기":{"id":"01-WriterSide로-개발-문서-배포하기","title":"01. WriterSide로 개발 문서 배포하기","url":"01-writerside로-개발-문서-배포하기.html","level":1,"parentId":"SN-학습-노트정리","tabIndex":0},"02-Git-VCS-Github":{"id":"02-Git-VCS-Github","title":"02. Git, VCS, Github","url":"02-git-vcs-github.html","level":1,"parentId":"SN-학습-노트정리","tabIndex":1},"03-TDD는-객체-지향-설계-방법":{"id":"03-TDD는-객체-지향-설계-방법","title":"03. TDD는 객체 지향 설계 방법","url":"03-tdd는-객체-지향-설계-방법.html","level":1,"parentId":"SN-학습-노트정리","tabIndex":2},"04-미션에-도움되는-Java-String-클래스와-메서드":{"id":"04-미션에-도움되는-Java-String-클래스와-메서드","title":"04. 미션에 도움되는 Java String 클래스와 메서드","url":"04-미션에-도움되는-java-string-클래스와-메서드.html","level":1,"parentId":"SN-학습-노트정리","tabIndex":3},"05-Java-예외-처리":{"id":"05-Java-예외-처리","title":"05. Java 예외 처리","url":"05-java-예외-처리.html","level":1,"parentId":"SN-학습-노트정리","tabIndex":4},"06-유스케이스와-도메인":{"id":"06-유스케이스와-도메인","title":"06. 유스케이스와 도메인","url":"06-유스케이스와-도메인.html","level":1,"parentId":"SN-학습-노트정리","tabIndex":5},"07-Mermaid를-이용한-다이어그램-그리기":{"id":"07-Mermaid를-이용한-다이어그램-그리기","title":"07. Mermaid를 이용한 다이어그램 그리기","url":"07-mermaid를-이용한-다이어그램-그리기.html","level":1,"parentId":"SN-학습-노트정리","tabIndex":6}}},"topLevelIds":["우테코-7기-프리코스-문서-관리","1주차-문자열-덧셈-계산기","SN-학습-노트정리"]}