{"entities":{"pages":{"나중에-업로드할-학습-문서":{"id":"나중에-업로드할-학습-문서","title":"나중에 업로드할 문서들","url":"나중에-업로드할-학습-문서.html","level":0,"pages":["2주차-자동차-경주"],"tabIndex":0},"2주차-자동차-경주":{"id":"2주차-자동차-경주","title":"2주차 자동차 경주","url":"2주차-자동차-경주.html","level":1,"parentId":"나중에-업로드할-학습-문서","pages":["2주차-미션-요약","2주차-요구사항-분석","2주차-주간-학습-정리"],"tabIndex":0},"2주차-미션-요약":{"id":"2주차-미션-요약","title":"미션 요약","url":"2주차-미션-요약.html","level":2,"parentId":"2주차-자동차-경주","tabIndex":0},"2주차-요구사항-분석":{"id":"2주차-요구사항-분석","title":"요구사항 분석","url":"2주차-요구사항-분석.html","level":2,"parentId":"2주차-자동차-경주","tabIndex":1},"2주차-주간-학습-정리":{"id":"2주차-주간-학습-정리","title":"주간 학습 정리","url":"2주차-주간-학습-정리.html","level":2,"parentId":"2주차-자동차-경주","tabIndex":2},"UL-학습-문서":{"id":"UL-학습-문서","title":"UL 학습 문서","url":"ul-학습-문서.html","level":0,"tabIndex":1}}},"topLevelIds":["나중에-업로드할-학습-문서","UL-학습-문서"]}